{"cameraMode":{"drawMode":0,"name":"Shaded","section":"Shading Mode"},"sceneLighting":true,"audioPlay":false,"sceneViewState":{"showFog":true,"showMaterialUpdate":false,"showSkybox":true,"showFlares":true,"showImageEffects":true,"showParticleSystems":true},"in2DMode":false,"pivot":{"x":1379.0999755859375,"y":84.29998779296875,"z":0.0},"rotation":{"x":-0.007234649267047644,"y":0.9799373149871826,"z":-0.19660110771656037,"w":-0.03583584353327751},"size":173.91297912597657,"orthographic":false}