{"cameraMode":{"drawMode":0,"name":"Shaded","section":"Shading Mode"},"sceneLighting":false,"audioPlay":false,"sceneViewState":{"showFog":true,"showMaterialUpdate":false,"showSkybox":false,"showFlares":true,"showImageEffects":true,"showParticleSystems":true},"in2DMode":false,"pivot":{"x":953.00048828125,"y":430.0001220703125,"z":-319.99981689453127},"rotation":{"x":-0.034453801810741428,"y":-0.045226603746414188,"z":0.001736838137730956,"w":-0.9985020160675049},"size":1134.8160400390625,"orthographic":false}