{"cameraMode":{"drawMode":0,"name":"Shaded","section":"Shading Mode"},"sceneLighting":false,"audioPlay":false,"sceneViewState":{"showFog":true,"showMaterialUpdate":false,"showSkybox":false,"showFlares":true,"showImageEffects":true,"showParticleSystems":true},"in2DMode":false,"pivot":{"x":-0.13215327262878419,"y":0.025000035762786866,"z":0.38113629817962649},"rotation":{"x":-0.0023504840210080148,"y":0.9517241716384888,"z":-0.3069635033607483,"w":-0.00742661627009511},"size":1.5743255615234376,"orthographic":false}